AIRPORT,YEAR,RWY,N_TOT,N_ARR,N_DEP,H,MJ,MT,M,LJ,LT,LP,L,H_PERC,M_PERC,L_PERC,PEAK_DAY_PCT,AN_PM88M60,AN_PM60M30,AN_PM30M15,AN_PM15M05,AN_PM05M00,AN_PP00P05,AN_PP05P15,AN_PP15P30,AN_PP30P60,AN_PP60P88,DN_PM88M60,DN_PM60M30,DN_PM30M15,DN_PM15M05,DN_PM05M00,DN_PP00P05,DN_PP05P15,DN_PP15P30,DN_PP30P60,DN_PP60P88,PEAK_ARR_THRU,PEAK_DEP_THRU,AVG_ADD_TXIT,AVG_ADD_TXOT
LFPG,2016,4,480280,240002,240278,118028,351776,10277,362053,167,29,0,196,0.2457483134838011,0.753837344882152,4.080952777546431e-4,1530.4500000000003,9491,16624,25956,38802,23143,35897,59077,25525,4832,303,10721,22202,39404,57573,32434,59836,16813,762,66,50,54,58,1.85314442905348,3.41654272610806
LFPG,2017,4,483404,241622,241782,119494,352619,11106,363725,165,20,0,185,0.24719282422156208,0.7524244731115175,3.8270266692042265e-4,1506.3600000000001,9726,16951,26420,39094,23131,35259,57951,27140,5310,304,11019,24546,43674,60876,37221,48828,14203,913,38,25,56,58,1.58967135916214,2.9032105172976
LFPG,2018,4,490627,245269,245358,124705,354087,11682,365769,122,31,0,153,0.25417476005193357,0.7455133940855273,3.1184586253915907e-4,1539.6000000000001,11377,18372,26955,36434,21664,32571,58163,30882,7238,545,14173,27453,46020,63631,37720,42068,12260,783,39,32,55,58,1.53625037650396,3.32755299164566
LFPG,2019,4,513204,256569,256635,128066,372903,12136,385039,79,18,2,99,0.24954209242328587,0.7502650018316303,1.929057450838263e-4,1586.44,10064,16892,25926,38419,23943,36656,62465,31269,6363,513,11768,24388,43129,66704,41955,49732,14090,776,28,27,56,60,1.53132529992919,2.9515161780243
