AIRPORT,YEAR,RWY,N_TOT,N_ARR,N_DEP,H,MJ,MT,M,LJ,LT,LP,L,H_PERC,M_PERC,L_PERC,PEAK_DAY_PCT,AN_PM88M60,AN_PM60M30,AN_PM30M15,AN_PM15M05,AN_PM05M00,AN_PP00P05,AN_PP05P15,AN_PP15P30,AN_PP30P60,AN_PP60P88,DN_PM88M60,DN_PM60M30,DN_PM30M15,DN_PM15M05,DN_PM05M00,DN_PP00P05,DN_PP05P15,DN_PP15P30,DN_PP30P60,DN_PP60P88,PEAK_ARR_THRU,PEAK_DEP_THRU,AVG_ADD_TXIT,AVG_ADD_TXOT
EDDF,2016,4,462806,231407,231399,105977,349471,5263,354734,1517,556,20,2093,0.22898795607662822,0.7664853091792241,0.004522413278998111,1426.7,7351,11880,20888,36139,31025,37991,59034,22355,4430,304,7439,14503,32919,70792,58442,35382,10627,826,342,118,57,55,1.91988967442504,3.08828361401735
EDDF,2017,4,475489,237742,237747,105086,362975,5011,367986,1813,552,50,2415,0.22100616418045424,0.7739106477752377,0.005078981848160525,1481.2400000000002,9598,15414,26427,42300,33502,37468,50665,18424,3711,225,10020,20298,41607,75401,53498,27707,8221,605,279,107,57,56,1.941209469928,2.89816241347449
EDDF,2018,4,512026,256006,256020,108194,396258,5280,401538,1838,442,4,2284,0.21130567588364654,0.7842140828786038,0.004460710979520571,1566.08,12517,21231,31984,47506,35122,36998,46874,18505,4869,386,13454,29503,49624,78131,50870,26274,7221,581,247,107,58,58,2.00394040243848,3.33088083306317
EDDF,2019,4,513845,256928,256917,111071,395246,5290,400536,1750,468,20,2238,0.2161566231061896,0.779487977892166,0.004355399001644465,1591,10502,19515,31910,48706,35852,37559,49223,18816,4481,356,10112,23132,45801,79972,57761,31348,7835,548,276,129,58,58,1.9138309129667,3.50650696217641
