AIRPORT,YEAR,RWY,N_TOT,N_ARR,N_DEP,H,MJ,MT,M,LJ,LT,LP,L,H_PERC,M_PERC,L_PERC,PEAK_DAY_PCT,AN_PM88M60,AN_PM60M30,AN_PM30M15,AN_PM15M05,AN_PM05M00,AN_PP00P05,AN_PP05P15,AN_PP15P30,AN_PP30P60,AN_PP60P88,DN_PM88M60,DN_PM60M30,DN_PM30M15,DN_PM15M05,DN_PM05M00,DN_PP00P05,DN_PP05P15,DN_PP15P30,DN_PP30P60,DN_PP60P88,PEAK_ARR_THRU,PEAK_DEP_THRU,AVG_ADD_TXIT,AVG_ADD_TXOT
SBCT,2016,2,66931,33468,33463,921,0,0,63354,0,0,0,2656,0.013760439855971075,0.9465569018840299,0.0396826582599991,232.70000000000005,47,320,1326,8627,14274,7473,1269,64,5,60,27,384,1583,3450,4307,9389,13137,976,177,4,9,10,1.37891169674515,2.99406986821265
SBCT,2017,2,68066,34026,34040,827,0,0,64164,0,0,0,3075,0.01214997208591661,0.9426732876913584,0.045176740222725005,230.72000000000003,25,199,1618,9832,13438,7408,1379,78,18,31,17,489,2116,4323,4773,9162,11651,1248,234,14,9,9,0.975674484217951,3.0826216226807
SBCT,2018,2,65362,32677,32685,800,0,0,61494,0,0,0,3068,0.012239527554236407,0.940821884275267,0.04693858817049662,223,63,209,2069,16764,7492,4213,1722,47,20,75,50,526,2278,4217,4432,8343,11538,1103,173,13,8,9,0.819527336536794,3.00104996276004
SBCT,2019,2,66914,33454,33460,828,0,0,62390,0,0,0,3696,0.012374092118241324,0.9323908300206235,0.05523507786113519,234.72000000000003,508,189,1424,16613,7906,4836,1894,35,22,23,67,784,2791,4537,4405,8362,11342,952,135,10,8,8,0.620632311034057,3.22847459653317
