AIRPORT,YEAR,RWY,N_TOT,N_ARR,N_DEP,H,MJ,MT,M,LJ,LT,LP,L,H_PERC,M_PERC,L_PERC,PEAK_DAY_PCT,AN_PM88M60,AN_PM60M30,AN_PM30M15,AN_PM15M05,AN_PM05M00,AN_PP00P05,AN_PP05P15,AN_PP15P30,AN_PP30P60,AN_PP60P88,DN_PM88M60,DN_PM60M30,DN_PM30M15,DN_PM15M05,DN_PM05M00,DN_PP00P05,DN_PP05P15,DN_PP15P30,DN_PP30P60,DN_PP60P88,PEAK_ARR_THRU,PEAK_DEP_THRU,AVG_ADD_TXIT,AVG_ADD_TXOT
EGLL,2016,2,474413,237375,237038,182871,291486,56,291542,0,0,0,0,0.3854679361653243,0.6145320638346757,0,1382.35,11710,19332,28915,37556,19107,28486,52388,32470,6213,209,9134,16253,27153,49165,37176,61940,33467,1630,51,4,44,46,2.34280427727679,4.87636291160103
EGLL,2017,2,476558,237859,238699,187556,285552,3450,289002,0,0,0,0,0.3935638474225593,0.6064361525774408,0,1383,10145,18928,28784,36047,18206,28096,53576,36312,6641,150,8010,15971,25769,47743,35742,64888,37173,1537,10,3,44,47,2.24167704779536,4.8573284735581
EGLL,2018,2,476868,238439,238429,188140,284008,4720,288728,0,0,0,0,0.3945326589328703,0.6054673410671297,0,1378.3600000000001,10504,20033,28696,35230,17607,27333,51858,37773,8682,260,9294,17972,28728,49585,35610,61146,34269,1329,18,17,44,47,2.93010723916809,5.28527427648009
EGLL,2019,2,475793,237896,237897,184063,282905,8825,291730,0,0,0,0,0.3868552080421528,0.6131447919578472,0,1390,10705,18565,27080,34181,17637,27510,53418,39834,8377,227,8938,17493,27318,50236,35577,61843,34929,1265,13,7,44,47,2.8254274540795,5.34606860638979
