AIRPORT,YEAR,RWY,N_TOT,N_ARR,N_DEP,H,MJ,MT,M,LJ,LT,LP,L,H_PERC,M_PERC,L_PERC,PEAK_DAY_PCT,AN_PM88M60,AN_PM60M30,AN_PM30M15,AN_PM15M05,AN_PM05M00,AN_PP00P05,AN_PP05P15,AN_PP15P30,AN_PP30P60,AN_PP60P88,DN_PM88M60,DN_PM60M30,DN_PM30M15,DN_PM15M05,DN_PM05M00,DN_PP00P05,DN_PP05P15,DN_PP15P30,DN_PP30P60,DN_PP60P88,PEAK_ARR_THRU,PEAK_DEP_THRU,AVG_ADD_TXIT,AVG_ADD_TXOT
SBKP,2016,1,115485,57736,57749,8665,0,0,104280,0,0,0,2540,0.07503138935792528,0.9029744122613327,0.021994198380742087,381.35,248,2990,6907,9797,17244,17074,3009,340,65,31,49,652,2584,8171,11168,18466,14097,1996,539,22,15,16,1.68462588452763,3.43478980487242
SBKP,2017,1,109017,54501,54516,9177,0,0,95547,0,0,0,4293,0.08417953163268115,0.8764412889732794,0.03937917939403946,365.44000000000005,137,2367,7216,10683,15548,13463,4725,221,16,54,96,968,4111,10916,12363,15042,8121,2251,623,15,16,18,1.74894435166664,3.83897809906488
SBKP,2018,1,108265,54137,54128,10249,0,0,94653,0,0,0,3363,0.09466586616173278,0.8742714635385397,0.03106267029972752,377.72,85,2446,5434,9286,15304,15224,5945,72,16,264,244,1305,4273,10047,12462,15868,8670,1059,168,25,16,19,1.67015737850269,3.87599024534437
SBKP,2019,1,114653,57335,57318,10560,0,0,101232,0,0,0,2861,0.09210400076753333,0.8829424437214901,0.0249535555109766,357.36,165,2167,5687,8082,14523,16973,7655,95,14,141,281,1986,6331,12040,12748,14498,7895,1127,120,25,15.25,18,1.56832513203194,3.85526792049036
