AIRPORT,YEAR,RWY,N_TOT,N_ARR,N_DEP,H,MJ,MT,M,LJ,LT,LP,L,H_PERC,M_PERC,L_PERC,PEAK_DAY_PCT,AN_PM88M60,AN_PM60M30,AN_PM30M15,AN_PM15M05,AN_PM05M00,AN_PP00P05,AN_PP05P15,AN_PP15P30,AN_PP30P60,AN_PP60P88,DN_PM88M60,DN_PM60M30,DN_PM30M15,DN_PM15M05,DN_PM05M00,DN_PP00P05,DN_PP05P15,DN_PP15P30,DN_PP30P60,DN_PP60P88,PEAK_ARR_THRU,PEAK_DEP_THRU,AVG_ADD_TXIT,AVG_ADD_TXOT
LSZH,2016,3,265783,132746,133037,31361,210679,10918,221597,5256,2211,5273,12740,0.11799475511977817,0.8337515943457633,0.04793384076483447,847.0500000000001,3203,8641,17788,27140,19165,20339,27242,7868,1211,138,2898,7969,20007,37815,29685,24561,9413,508,70,48,36,36,1.03989724737469,3.17184928503599
LSZH,2017,3,267240,133464,133776,31355,208592,13567,222159,5717,2180,5821,13718,0.1173289926657686,0.8313089357880556,0.05133213590779823,841.08,3855,9306,16781,25703,18783,20375,28331,8994,1214,120,3490,8357,18436,36034,30554,26198,10051,490,75,43,35,36,1.0734129553038,3.29719731288093
LSZH,2018,3,274928,137325,137603,33102,214403,14364,228767,5429,2244,5384,13057,0.12040243263690857,0.8320978583483676,0.04749243438282023,870.44,5050,11437,19265,27064,18817,19460,26157,8435,1527,107,4859,11188,21667,37534,29063,23875,8862,382,49,29,35,36,1.09696755871109,3.22300486441179
LSZH,2019,3,272261,135994,136267,33077,219648,7242,226890,5086,2144,5064,12294,0.12149004080643207,0.8333547588527185,0.045155200340849404,857.72,4297,10696,19073,27074,18825,19264,26812,8602,1251,97,4206,11603,24532,41335,27768,20219,6177,285,45,22,35,36,1.10238194332103,3.33022959826419
