AIRPORT,YEAR,RWY,N_TOT,N_ARR,N_DEP,H,MJ,MT,M,LJ,LT,LP,L,H_PERC,M_PERC,L_PERC,PEAK_DAY_PCT,AN_PM88M60,AN_PM60M30,AN_PM30M15,AN_PM15M05,AN_PM05M00,AN_PP00P05,AN_PP05P15,AN_PP15P30,AN_PP30P60,AN_PP60P88,DN_PM88M60,DN_PM60M30,DN_PM30M15,DN_PM15M05,DN_PM05M00,DN_PP00P05,DN_PP05P15,DN_PP15P30,DN_PP30P60,DN_PP60P88,PEAK_ARR_THRU,PEAK_DEP_THRU,AVG_ADD_TXIT,AVG_ADD_TXOT
LEMD,2016,4,377696,189096,188600,56306,304748,13791,318539,2225,623,1,2849,0.14907756502584088,0.8433740362619673,0.007543103448275862,1179.7,8214,14111,22477,31426,18087,25124,43005,22092,3999,325,7657,13712,23742,47604,39874,44750,10717,252,13,16,42,48,1.35677722703316,2.90621626400049
LEMD,2017,4,387681,194355,193326,58718,310237,15345,325582,2815,557,7,3379,0.15145957630113419,0.8398193360004746,0.00871592881776512,1212.3600000000001,7318,12215,19282,27744,16668,25440,49838,30178,5204,261,6683,12596,22597,47863,41288,48226,13517,307,19,25,44,48,1.02661483932839,2.50273537527594
LEMD,2018,4,403920,201923,201997,63353,321371,15905,337276,2830,456,4,3290,0.15684541493365023,0.8350069320657556,0.008145177262824321,1269.72,9294,15777,23064,31051,17644,25096,46209,27409,5809,301,8966,16552,26349,53671,42148,41814,11856,336,15,15,45,50.94999999999982,1.17506227628746,2.6893376643955
LEMD,2019,4,421066,209720,211346,69257,328933,19713,348646,2771,390,0,3161,0.16448015275515002,0.8280079607472463,0.007507136648411413,1310.6000000000001,8654,15587,23504,31796,17724,25807,50355,29237,6417,376,8676,16271,27480,56913,44814,44720,11865,270,8,13,45,50,1.10879335939983,2.80777833505247
