AIRPORT,YEAR,RWY,N_TOT,N_ARR,N_DEP,H,MJ,MT,M,LJ,LT,LP,L,H_PERC,M_PERC,L_PERC,PEAK_DAY_PCT,AN_PM88M60,AN_PM60M30,AN_PM30M15,AN_PM15M05,AN_PM05M00,AN_PP00P05,AN_PP05P15,AN_PP15P30,AN_PP30P60,AN_PP60P88,DN_PM88M60,DN_PM60M30,DN_PM30M15,DN_PM15M05,DN_PM05M00,DN_PP00P05,DN_PP05P15,DN_PP15P30,DN_PP30P60,DN_PP60P88,PEAK_ARR_THRU,PEAK_DEP_THRU,AVG_ADD_TXIT,AVG_ADD_TXOT
EDDM,2016,2,389679,194838,194841,34081,345449,5605,351054,2807,1697,38,4542,0.08745916510769121,0.9008799550399175,0.01165574742287883,1279.4,4925,9666,17685,31192,27620,34578,51465,15773,1809,120,5666,11277,23275,54936,57160,32785,8891,563,202,78,49,54,1.1320680168759,2.91344865991234
EDDM,2017,2,398101,198088,200013,33464,353814,6513,360327,2767,1505,34,4306,0.08405907043689918,0.9051145312370479,0.010816350624590243,1294,6159,12027,20836,35579,29638,33871,44697,13409,1764,104,6752,14718,29263,60826,53617,26796,7319,474,170,72,51,53,1.10368401922378,3.14879857673783
EDDM,2018,2,410483,205266,205217,34436,364925,6766,371691,2965,1324,62,4351,0.08389141572245379,0.905496695356446,0.010599708148693125,1307.08,8050,16068,25590,38878,23524,31948,42905,15427,2388,171,9135,20029,34879,61865,39862,28992,9263,614,188,85,51,52,1.27059735497679,3.43196492818171
EDDM,2019,2,414176,207111,207065,36815,368171,4809,372980,3077,1282,20,4379,0.08888733292127018,0.900535038244611,0.010572799969095263,1327,6835,14253,25429,40946,25208,33480,44226,14178,2137,169,7339,16496,30853,60711,45517,35897,9204,550,184,71,52,52,1.35416306090517,3.48898516497227
