AIRPORT,YEAR,RWY,N_TOT,N_ARR,N_DEP,H,MJ,MT,M,LJ,LT,LP,L,H_PERC,M_PERC,L_PERC,PEAK_DAY_PCT,AN_PM88M60,AN_PM60M30,AN_PM30M15,AN_PM15M05,AN_PM05M00,AN_PP00P05,AN_PP05P15,AN_PP15P30,AN_PP30P60,AN_PP60P88,DN_PM88M60,DN_PM60M30,DN_PM30M15,DN_PM15M05,DN_PM05M00,DN_PP00P05,DN_PP05P15,DN_PP15P30,DN_PP30P60,DN_PP60P88,PEAK_ARR_THRU,PEAK_DEP_THRU,AVG_ADD_TXIT,AVG_ADD_TXOT
SBSP,2016,2,214289,107064,107225,180,0,0,187442,0,0,0,26667,8.399871201974904e-4,0.8747159210225444,0.12444409185725819,708.7500000000001,776,6680,34627,35043,19098,5715,2145,575,46,113,108,1552,5929,12909,13341,26440,39223,3669,1177,45,25,25,1.29308853071712,5.38374521036095
SBSP,2017,2,218579,108707,109872,271,0,0,187504,0,0,0,30804,0.0012398263328133078,0.8578317221691013,0.14092845149808536,728.36,729,5989,36738,38934,16666,4856,1479,273,41,246,310,2975,8868,15036,13472,25208,36559,3385,969,49,25,26,1.49680795587703,5.77930617963504
SBSP,2018,2,225011,112128,112883,201,0,0,192022,0,0,0,32788,8.932896613943318e-4,0.8533893898520517,0.145717320486554,817.9200000000006,668,6670,35661,40457,18665,5269,1068,196,47,914,653,4741,10693,15829,14556,28786,32597,1719,179,22,26,27,1.70837548884031,6.02915751916799
SBSP,2019,2,217672,108460,109212,138,0,0,187655,0,0,0,29879,6.339814032121725e-4,0.862099856665074,0.13726616193171376,729.72,1354,7290,32433,36970,15984,4137,834,124,33,244,510,4744,10597,14876,13131,26418,33248,2450,137,30,25,26,1.60705587474911,5.27845245273538
