AIRPORT,YEAR,RWY,N_TOT,N_ARR,N_DEP,H,MJ,MT,M,LJ,LT,LP,L,H_PERC,M_PERC,L_PERC,PEAK_DAY_PCT,AN_PM88M60,AN_PM60M30,AN_PM30M15,AN_PM15M05,AN_PM05M00,AN_PP00P05,AN_PP05P15,AN_PP15P30,AN_PP30P60,AN_PP60P88,DN_PM88M60,DN_PM60M30,DN_PM30M15,DN_PM15M05,DN_PM05M00,DN_PP00P05,DN_PP05P15,DN_PP15P30,DN_PP30P60,DN_PP60P88,PEAK_ARR_THRU,PEAK_DEP_THRU,AVG_ADD_TXIT,AVG_ADD_TXOT
SBSV,2016,2,82510,41215,41295,1264,0,0,64243,0,0,0,17003,0.01531935522966913,0.7786086534965458,0.206071991273785,370.10000000000014,491,1513,3032,8723,12171,11695,2092,1249,102,116,26,730,2328,3698,3696,5906,17602,6277,620,196,10,10,1.84561584443528,7.41755221020494
SBSV,2017,2,79725,39754,39971,1200,0,0,62133,0,0,0,16392,0.015051740357478834,0.7793414863593603,0.20560677328316088,296.80000000000007,349,1200,4367,10853,12473,6873,1970,1382,108,120,19,662,2538,4511,4330,6571,15325,4635,681,189,10,10,2.0372027972028,6.5191687380578
SBSV,2018,2,82439,41047,41392,1323,0,0,62010,0,0,0,19106,0.01604822960006793,0.7521925302344764,0.23175924016545568,315.44000000000005,768,1120,3374,10613,13181,7874,2017,1541,209,192,17,715,2509,4033,3769,5592,15469,5285,608,187,10,11,2.21786383718286,7.66175497470047
SBSV,2019,2,78746,39166,39580,1249,0,0,59604,0,0,0,17893,0.015861123104665635,0.7569146369339395,0.22722423996139487,280.72,877,752,2909,11179,11847,4970,2024,1294,94,62,37,773,2688,4280,3824,5457,13823,4424,379,94,10,10,1.90417070928867,6.71571248741188
