AIRPORT,YEAR,RWY,N_TOT,N_ARR,N_DEP,H,MJ,MT,M,LJ,LT,LP,L,H_PERC,M_PERC,L_PERC,PEAK_DAY_PCT,AN_PM88M60,AN_PM60M30,AN_PM30M15,AN_PM15M05,AN_PM05M00,AN_PP00P05,AN_PP05P15,AN_PP15P30,AN_PP30P60,AN_PP60P88,DN_PM88M60,DN_PM60M30,DN_PM30M15,DN_PM15M05,DN_PM05M00,DN_PP00P05,DN_PP05P15,DN_PP15P30,DN_PP30P60,DN_PP60P88,PEAK_ARR_THRU,PEAK_DEP_THRU,AVG_ADD_TXIT,AVG_ADD_TXOT
SBGR,2016,2,269884,135196,134688,44303,0,0,214926,0,0,0,10655,0.16415571134265092,0.7963643639489558,0.03947992470839323,892,535,7993,36457,58597,24328,4385,2032,664,76,52,93,1945,9438,21326,21005,33762,38381,5066,1580,58,26,27,1.91108863262594,4.67774293252921
SBGR,2017,2,257135,122613,134522,42503,0,0,203056,0,0,0,11576,0.16529449510957278,0.7896863515274077,0.045019153363019426,826.36,457,8472,35537,48729,21598,5998,1349,137,38,205,424,3596,11073,21915,20608,32163,33651,4143,1598,74,27,29,2.0151071997564,5.75708979448219
SBGR,2018,2,295889,147955,147934,48517,0,0,235574,0,0,0,11798,0.1639702726360223,0.7961566668581799,0.03987306050579778,924.08,648,10927,44029,63507,22780,4515,844,46,18,619,1219,6549,15051,25857,24300,37390,31845,2189,219,66,29,30,2.54734164667185,6.07970685007258
SBGR,2019,2,294469,147232,147237,45307,0,0,236987,0,0,0,12115,0.15385999884537932,0.8047943926185779,0.041141851943668095,933.36,2149,7523,37561,60302,21377,4160,600,36,13,149,811,5229,12605,20921,20598,39852,38888,2607,171,34,27,29,2.16648897168851,5.05295220259128
