AIRPORT,YEAR,RWY,N_TOT,N_ARR,N_DEP,H,MJ,MT,M,LJ,LT,LP,L,H_PERC,M_PERC,L_PERC,PEAK_DAY_PCT,AN_PM88M60,AN_PM60M30,AN_PM30M15,AN_PM15M05,AN_PM05M00,AN_PP00P05,AN_PP05P15,AN_PP15P30,AN_PP30P60,AN_PP60P88,DN_PM88M60,DN_PM60M30,DN_PM30M15,DN_PM15M05,DN_PM05M00,DN_PP00P05,DN_PP05P15,DN_PP15P30,DN_PP30P60,DN_PP60P88,PEAK_ARR_THRU,PEAK_DEP_THRU,AVG_ADD_TXIT,AVG_ADD_TXOT
EGKK,2016,1,279563,139980,139583,23889,253737,1742,255479,122,65,8,195,0.08545122208589835,0.91385126071762,6.975171964816517e-4,939.35,12585,15976,19624,21954,11265,15269,26625,14766,1513,34,11161,17002,23264,32740,20144,22998,11775,206,7,9,28,32,1.69956023368395,5.64019551631214
EGKK,2017,1,286379,143496,142883,27433,257421,1374,258795,102,41,8,151,0.09579263842670029,0.9036800882746291,5.272732986706428e-4,945.72,10143,15371,19777,22560,11298,15780,28924,17519,1768,41,8492,14542,22258,34778,22508,25719,14040,284,17,6,28,32,1.33710587431218,5.77856557807414
EGKK,2018,1,283831,141924,141907,32170,249930,1591,251521,71,61,8,140,0.1133420944153387,0.8861646543189433,4.932512657179801e-4,935.11,11689,14753,18134,21019,10782,15320,28887,18603,2343,40,10083,14182,20255,33080,22149,26719,14873,296,15,8,27,32,1.37298976917223,5.88602209659152
EGKK,2019,1,284837,142413,142424,33101,250160,1468,251628,85,21,2,108,0.11621032379922552,0.8834105119770255,3.7916422374902135e-4,936,11169,16295,19964,21833,10961,14962,27354,17359,2150,27,9640,15806,22236,33117,20424,25434,15041,424,16,4,27,31,1.52708811695562,6.31450987553732
