AIRPORT,YEAR,RWY,N_TOT,N_ARR,N_DEP,H,MJ,MT,M,LJ,LT,LP,L,H_PERC,M_PERC,L_PERC,PEAK_DAY_PCT,AN_PM88M60,AN_PM60M30,AN_PM30M15,AN_PM15M05,AN_PM05M00,AN_PP00P05,AN_PP05P15,AN_PP15P30,AN_PP30P60,AN_PP60P88,DN_PM88M60,DN_PM60M30,DN_PM30M15,DN_PM15M05,DN_PM05M00,DN_PP00P05,DN_PP05P15,DN_PP15P30,DN_PP30P60,DN_PP60P88,PEAK_ARR_THRU,PEAK_DEP_THRU,AVG_ADD_TXIT,AVG_ADD_TXOT
EHAM,2016,6,491452,245713,245739,84093,393143,9234,402377,2464,2028,352,4844,0.17111131911153074,0.8187513734810317,0.009856506840952932,1548.7,11956,13560,20730,32903,26734,35169,65297,33045,5507,745,12486,18186,36275,71271,60541,35719,9184,1109,437,461,64,64,1.53642873034607,2.39580143165845
EHAM,2017,6,455883,219985,235898,77270,365423,8725,374148,2416,1670,292,4378,0.16949524329707402,0.8207105770559552,0.009603341208160867,1595.3200000000002,12983,15718,23377,33850,25253,30503,49935,23545,4183,551,14213,22627,42330,70915,49879,26709,7465,913,411,380,65,65,1.68495413135978,2.45785875979245
EHAM,2018,6,512250,256131,256119,89731,408805,8657,417462,2867,1654,424,4945,0.17517032698877502,0.8149575402635432,0.009653489507076623,1579.44,13351,16352,22359,32167,25213,33188,65483,39628,7513,830,15069,23852,42311,73987,58533,32526,7977,976,450,385,65,64,1.4201157009735,1.96448585444072
EHAM,2019,6,510035,255009,255026,89926,407109,8120,415229,2752,1663,407,4822,0.17631339025753134,0.814118638916937,0.009454253139490427,1561.3600000000001,15062,21269,29273,38603,27465,32646,56298,28767,4919,663,15876,27968,47133,72771,53809,28444,7126,1070,446,348,64,64,1.65641242527983,2.13115998745196
