AIRPORT,YEAR,RWY,N_TOT,N_ARR,N_DEP,H,MJ,MT,M,LJ,LT,LP,L,H_PERC,M_PERC,L_PERC,PEAK_DAY_PCT,AN_PM88M60,AN_PM60M30,AN_PM30M15,AN_PM15M05,AN_PM05M00,AN_PP00P05,AN_PP05P15,AN_PP15P30,AN_PP30P60,AN_PP60P88,DN_PM88M60,DN_PM60M30,DN_PM30M15,DN_PM15M05,DN_PM05M00,DN_PP00P05,DN_PP05P15,DN_PP15P30,DN_PP30P60,DN_PP60P88,PEAK_ARR_THRU,PEAK_DEP_THRU,AVG_ADD_TXIT,AVG_ADD_TXOT
LEBL,2016,3,307836,153919,153917,16869,282977,4139,287116,2635,997,209,3841,0.05479865902623475,0.932691433100742,0.012477423043438714,1053.7,10803,14151,19145,24734,14328,20167,34312,14399,1425,217,10526,15840,22982,39258,26402,28314,10101,191,22,3,33,34,0.794240088392045,3.48362838568238
LEBL,2017,3,324053,162039,162014,19002,297960,2998,300958,2941,982,170,4093,0.058638556038672685,0.9287307940367779,0.012630649924549379,1082.3600000000001,8692,12554,17343,23779,14217,20777,40341,21577,2291,235,8955,15313,22806,39365,29349,32916,12840,177,10,9,34,36,0.784697130580798,3.36156955011033
LEBL,2018,3,333547,166458,167089,20936,306671,2086,308757,3008,789,52,3849,0.06276776586208241,0.9256776406323547,0.011539603114403668,1111.72,14728,18693,21190,25302,13806,19749,34013,16357,2019,231,15276,21494,27128,40151,26228,26012,10243,116,12,8,34,36,0.728393437238385,3.81912470045513
LEBL,2019,3,341031,170005,171026,23942,311277,2224,313501,2834,660,92,3586,0.0702047614439743,0.919274200879099,0.010515173107430116,1130.3600000000001,9900,14290,18995,24520,14160,21443,41214,22312,2706,176,10484,17680,26546,46681,32186,27685,9404,70,9,8,34,36,0.650453261178593,2.66540781323697
