AIRPORT,YEAR,RWY,N_TOT,N_ARR,N_DEP,H,MJ,MT,M,LJ,LT,LP,L,H_PERC,M_PERC,L_PERC,PEAK_DAY_PCT,AN_PM88M60,AN_PM60M30,AN_PM30M15,AN_PM15M05,AN_PM05M00,AN_PP00P05,AN_PP05P15,AN_PP15P30,AN_PP30P60,AN_PP60P88,DN_PM88M60,DN_PM60M30,DN_PM30M15,DN_PM15M05,DN_PM05M00,DN_PP00P05,DN_PP05P15,DN_PP15P30,DN_PP30P60,DN_PP60P88,PEAK_ARR_THRU,PEAK_DEP_THRU,AVG_ADD_TXIT,AVG_ADD_TXOT
SBCF,2016,1,99415,49708,49707,1352,0,0,96936,0,0,0,1127,0.013599557410853494,0.9750641251320223,0.011336317457124176,372.70000000000005,89,362,1623,7015,10452,15057,14237,690,83,71,48,350,2115,5945,7627,14724,16808,1518,502,26,12,13,1.92453626367729,3.27557788641439
SBCF,2017,1,99423,49702,49721,1444,0,0,96709,0,0,0,1270,0.014523802339498909,0.9727024933868421,0.012773704273659012,318.72,35,145,625,3941,8523,17070,18172,1030,128,26,41,471,2921,7043,8170,15554,13789,1446,258,16,12,13,0.686088251272661,2.72940472358574
SBCF,2018,1,101334,50663,50671,1654,0,0,98233,0,0,0,1447,0.01632226103775633,0.9693982276432392,0.01427951131900448,320,44,154,631,3093,7435,18386,20478,358,24,56,120,882,3676,7848,8946,14992,12861,1142,169,24,13,13,0.614206706410307,3.08208376915132
SBCF,2019,1,101838,50928,50910,955,0,0,99690,0,0,0,1193,0.009377638995266993,0.9789076768986037,0.011714684106129343,323.37,1804,114,476,2462,6617,18487,19487,306,12,21,143,1285,4356,8386,8969,14749,11943,708,86,18,13,13,0.423023680490104,2.7738880880446
