AIRPORT,YEAR,RWY,N_TOT,N_ARR,N_DEP,H,MJ,MT,M,LJ,LT,LP,L,H_PERC,M_PERC,L_PERC,PEAK_DAY_PCT,AN_PM88M60,AN_PM60M30,AN_PM30M15,AN_PM15M05,AN_PM05M00,AN_PP00P05,AN_PP05P15,AN_PP15P30,AN_PP30P60,AN_PP60P88,DN_PM88M60,DN_PM60M30,DN_PM30M15,DN_PM15M05,DN_PM05M00,DN_PP00P05,DN_PP05P15,DN_PP15P30,DN_PP30P60,DN_PP60P88,PEAK_ARR_THRU,PEAK_DEP_THRU,AVG_ADD_TXIT,AVG_ADD_TXOT
SBPA,2016,1,80127,40020,40107,654,0,0,66746,0,0,0,12721,0.008162042757123067,0.8330026083592297,0.15876046775743508,273.4000000000001,707,2932,8524,20061,4281,1286,1020,479,210,159,86,1058,3016,5164,5234,9902,13676,1161,279,20,10,11.299999999999272,3.28422401348453,3.35770009594505
SBPA,2017,1,80104,40022,40082,591,0,0,67417,0,0,0,12096,0.007377908718665734,0.8416183960850894,0.15100369519624487,284,674,1736,11090,20277,3459,1135,774,380,137,142,86,973,3082,5799,5513,9812,12123,1627,336,17,11,11,3.54383292895437,3.43558211204524
SBPA,2018,1,81275,40591,40684,600,0,0,69947,0,0,0,10728,0.007382343894186404,0.8606213472777607,0.1319963088280529,269.36,679,1825,14998,19106,1929,987,536,222,69,175,73,1092,3774,6259,5507,9264,12378,1284,237,38,10,11,3.08603025522194,4.15247589445363
SBPA,2019,1,77595,38771,38824,507,0,0,67200,0,0,0,9888,0.006533926155035763,0.8660351826792964,0.1274308911656679,266.80000000000007,608,1526,11965,19016,2284,1082,440,138,36,85,72,1205,3797,6044,5094,8739,11881,1075,184,18,9,10,2.67537338901612,4.94037201326368
