AIRPORT,YEAR,RWY,N_TOT,N_ARR,N_DEP,H,MJ,MT,M,LJ,LT,LP,L,H_PERC,M_PERC,L_PERC,PEAK_DAY_PCT,AN_PM88M60,AN_PM60M30,AN_PM30M15,AN_PM15M05,AN_PM05M00,AN_PP00P05,AN_PP05P15,AN_PP15P30,AN_PP30P60,AN_PP60P88,DN_PM88M60,DN_PM60M30,DN_PM30M15,DN_PM15M05,DN_PM05M00,DN_PP00P05,DN_PP05P15,DN_PP15P30,DN_PP30P60,DN_PP60P88,PEAK_ARR_THRU,PEAK_DEP_THRU,AVG_ADD_TXIT,AVG_ADD_TXOT
SBGL,2016,2,128709,64337,64372,14011,0,0,109850,0,0,0,4846,0.10885796642037464,0.8534756699220722,0.03765082472865145,452.35,325,1751,9826,32729,14330,3948,983,167,26,84,212,2645,8672,15539,11757,12558,11456,1173,272,39,16,17,3.5567068260606,6.43181397469981
SBGL,2017,2,125213,62585,62628,13103,0,0,106977,0,0,0,5133,0.10464568375488169,0.8543601702698601,0.04099414597525816,402.36,311,1054,7294,31912,16971,4160,503,84,29,99,312,3394,11017,22428,13675,7290,3438,882,139,25,16,17,2.52073971683339,2.35482510485193
SBGL,2018,2,115623,57824,57799,14084,0,0,96797,0,0,0,4742,0.12180967454572188,0.8371777241552286,0.041012601299049496,389.44000000000005,281,1041,8069,30988,13511,3093,408,31,33,264,545,4529,10495,19767,12919,6745,2519,226,17,18,16,16,2.99507160152196,2.68414178652405
SBGL,2019,2,106221,53072,53149,11629,0,0,88604,0,0,0,5988,0.10947929317178336,0.8341476732472863,0.05637303358093033,506.44000000000005,303,979,7064,28457,12009,2381,323,52,30,101,406,4228,9949,17435,11455,6306,2875,256,33,26,14,15,2.79408519418412,2.24384422711425
