AIRPORT,YEAR,RWY,N_TOT,N_ARR,N_DEP,H,MJ,MT,M,LJ,LT,LP,L,H_PERC,M_PERC,L_PERC,PEAK_DAY_PCT,AN_PM88M60,AN_PM60M30,AN_PM30M15,AN_PM15M05,AN_PM05M00,AN_PP00P05,AN_PP05P15,AN_PP15P30,AN_PP30P60,AN_PP60P88,DN_PM88M60,DN_PM60M30,DN_PM30M15,DN_PM15M05,DN_PM05M00,DN_PP00P05,DN_PP05P15,DN_PP15P30,DN_PP30P60,DN_PP60P88,PEAK_ARR_THRU,PEAK_DEP_THRU,AVG_ADD_TXIT,AVG_ADD_TXOT
SBRJ,2016,2,53891,26946,26945,92,0,0,49109,0,0,0,4689,0.0017071496168191349,0.9112653318735967,0.0870089625354883,367.35000000000014,425,5212,17726,2388,199,162,260,80,29,36,37,578,1786,2986,3113,6418,10289,678,160,15,14,14,4.93410316515354,3.97278069738003
SBRJ,2017,2,104841,52446,52395,217,0,0,95266,0,0,0,9358,0.002069800936656461,0.9086712259516793,0.08925897311166434,364,405,6567,38521,4787,376,277,305,95,25,161,144,1365,3801,6540,6590,12709,18934,1243,304,48,14,14,3.72730602927524,3.52059624476738
SBRJ,2018,2,102826,51435,51391,177,0,0,93283,0,0,0,9366,0.0017213545212300392,0.9071927333553771,0.09108591212339291,355.08000000000004,355,5124,37171,6290,354,315,381,24,9,360,235,1896,4398,6837,6862,12028,17414,917,120,34,14,13,2.84390529551379,3.26286320324146
SBRJ,2019,2,97476,48743,48733,188,0,0,88746,0,0,0,8542,0.0019286798801756329,0.9104394927982272,0.0876318273215971,376.74,639,3834,36507,5774,342,239,286,20,4,105,248,1836,4690,6766,6331,12006,15434,683,100,29,13,13,2.28447303537006,3.26440365638309
