AIRPORT,YEAR,RWY,N_TOT,N_ARR,N_DEP,H,MJ,MT,M,LJ,LT,LP,L,H_PERC,M_PERC,L_PERC,PEAK_DAY_PCT,AN_PM88M60,AN_PM60M30,AN_PM30M15,AN_PM15M05,AN_PM05M00,AN_PP00P05,AN_PP05P15,AN_PP15P30,AN_PP30P60,AN_PP60P88,DN_PM88M60,DN_PM60M30,DN_PM30M15,DN_PM15M05,DN_PM05M00,DN_PP00P05,DN_PP05P15,DN_PP15P30,DN_PP30P60,DN_PP60P88,PEAK_ARR_THRU,PEAK_DEP_THRU,AVG_ADD_TXIT,AVG_ADD_TXOT
LIRF,2016,4,312364,156632,155732,31240,273331,7484,280815,276,28,2,306,0.10001152501568683,0.8989992444711938,9.79626333380287e-4,1018.7,5603,10215,16799,23113,11220,33469,36351,16651,2726,189,5907,14706,26685,39832,19347,37040,10967,661,116,49,41,41,2.72044956455622,5.64636526588329
LIRF,2017,4,295805,148407,147398,31748,259255,4623,263878,165,13,0,178,0.10732746234850661,0.8920674092730008,6.01747773026149e-4,968.36,5496,9117,14752,21994,11265,28151,36631,17961,2637,135,4870,11409,20538,32944,18807,42053,15560,717,138,44,37,37,2.63713598464886,4.43252597503953
LIRF,2018,4,304792,153254,151538,35467,266888,2328,269216,92,17,0,109,0.11636460274547888,0.8832777763195885,3.576209349326754e-4,986.36,6683,10903,17431,24055,11472,27812,35186,16233,3010,128,5743,12753,21262,32293,18830,43091,16029,1011,117,47,39,37,2.59436829520064,5.15606803646036
LIRF,2019,4,307799,154618,153181,37153,268467,2111,270578,53,13,2,68,0.12070539540414361,0.8790736812010436,2.2092339481284863e-4,991.36,5661,9444,15901,22567,11412,29341,37792,18710,3299,208,4900,11993,19975,31966,18560,44104,19816,1369,120,52,40,37,2.76121642969984,5.75161465169889
