AIRPORT,YEAR,RWY,N_TOT,N_ARR,N_DEP,H,MJ,MT,M,LJ,LT,LP,L,H_PERC,M_PERC,L_PERC,PEAK_DAY_PCT,AN_PM88M60,AN_PM60M30,AN_PM30M15,AN_PM15M05,AN_PM05M00,AN_PP00P05,AN_PP05P15,AN_PP15P30,AN_PP30P60,AN_PP60P88,DN_PM88M60,DN_PM60M30,DN_PM30M15,DN_PM15M05,DN_PM05M00,DN_PP00P05,DN_PP05P15,DN_PP15P30,DN_PP30P60,DN_PP60P88,PEAK_ARR_THRU,PEAK_DEP_THRU,AVG_ADD_TXIT,AVG_ADD_TXOT
SBBR,2016,2,170794,85313,85481,1881,0,0,150868,0,0,0,18045,0.011013267444992213,0.8833331381664461,0.10565359438856166,576.4500000000002,863,1801,5037,29752,28288,14786,3906,474,196,75,116,1493,6236,13090,12911,21053,23666,3004,426,36,29,29,2.17369436422405,4.45743178992027
SBBR,2017,2,157272,78574,78698,1522,0,0,138383,0,0,0,17366,0.009677501398850399,0.8798959763975788,0.11042016379266494,525,434,755,4342,23087,27884,16155,4404,839,438,143,128,1613,6521,12242,11490,18441,22302,2321,351,36,23,23,1.62592639782549,3.79824143919609
SBBR,2018,2,163638,81840,81798,1366,0,0,145112,0,0,0,17160,0.00834769430083477,0.8867866876886786,0.10486561801048656,559.8800000000001,807,1230,3750,24011,28030,17735,5441,369,235,163,622,3604,8244,13014,12220,20071,19792,1041,89,41,23,24,1.53700058281471,3.64231111167558
SBBR,2019,2,152559,76266,76293,1011,0,0,132633,0,0,0,18915,0.006626944329734726,0.8693882366822017,0.12398481898806363,497.08000000000004,1584,952,2979,21941,25739,14849,4258,381,357,146,267,2431,6962,10606,9569,17691,22748,1325,117,28,22,23,1.46705569373457,3.62525391913616
